"","Year","Stage","elapsed","Date","Origin","Distance","Destination","Type","Average_speed"
"1",1980,0,553,1980-06-26,"Frankfurt",8,"Frankfurt","0",52.0795660036166
"12",1980,1.1,11979,1980-06-27,"Frankfurt",133,"Wiesbaden","1",39.9699474079639
"14",1980,2,27378,1980-06-28,"Frankfurt",276,"Metz","1",36.2919132149901
"18",1980,3,28717,1980-06-29,"Metz",282,"Liège","1",35.3518821603928
"19",1980,4,2848,1980-06-30,"Spa",35,"Spa","0",44.2415730337079
"20",1980,5,29002,1980-07-01,"Liège",249,"Lille","1",30.908213226674
"21",1980,6,21431,1980-07-02,"Lille",216,"Compiègne","1",36.2838878260464
"24",1980,8,15664,1980-07-04,"Flers",164,"Saint-Malo","1",37.6915219611849
"25",1980,9,19707,1980-07-06,"Saint-Malo",205,"Nantes","1",37.4486223169432
"2",1980,10,16978,1980-07-07,"Rochefort",163,"Bordeaux","1",34.5623748380257
"3",1980,11,4224,1980-07-08,"Damazan",52,"Laplume","0",44.3181818181818
"4",1980,12,20724,1980-07-09,"Agen",194,"Pau","1",33.7000579038796
"5",1980,13,23252,1980-07-10,"Pau",200,"Bagnères-de-Luchon","3",30.9650782728367
"6",1980,14,20089,1980-07-11,"Lézignan-Corbières",189,"Montpellier","1",33.8692816964508
"7",1980,15,14263,1980-07-12,"Montpellier",160,"Martigues","1",40.3842108953236
"8",1980,16,23131,1980-07-13,"Trets",209,"Pra-Loup","3",32.5277765768882
"9",1980,17,25747,1980-07-14,"Serre Chevalier",242,"Morzine","3",33.8369518778887
"10",1980,18,21166,1980-07-16,"Morzine",199,"Prapoutel","3",33.8467353302466
"11",1980,19,14433,1980-07-17,"Voreppe",140,"Saint-Étienne","2",34.9199750571607
"15",1980,20,2738,1980-07-18,"Saint-Étienne",34,"Saint-Étienne","0",44.7041636230825
"16",1980,21,20913,1980-07-19,"Auxerre",208,"Fontenay-sous-Bois","1",35.8054798450724
"17",1980,22,18747,1980-07-20,"Fontenay-sous-Bois",186,"Paris","1",35.7177148343735
"26",1981,0,408,1981-06-25,"Nice",6,"Nice","0",52.9411764705882
"38",1981,1.1,8599,1981-06-26,"Nice",97,"Nice","2",40.6093731829282
"40",1981,2,23547,1981-06-27,"Nice",254,"Martigues","1",38.832972353166
"44",1981,3,23630,1981-06-28,"Martigues",232,"Narbonne","1",35.3449005501481
"46",1981,5,12752,1981-06-30,"Saint-Gaudens",117,"Pla d'Adet","3",33.030112923463
"47",1981,6,2152,1981-07-01,"Nay",27,"Pau","0",45.1672862453532
"48",1981,7,20244,1981-07-02,"Pau",227,"Bordeaux","1",40.3675163011263
"49",1981,8,16537,1981-07-03,"Rochefort",182,"Nantes","1",39.6202455100683
"50",1981,9,15789,1981-07-05,"Nantes",197,"Le Mans","1",44.9173475204256
"27",1981,10,23441,1981-07-06,"Le Mans",264,"Aulnay-sous-Bois","1",40.5443453777569
"28",1981,11,22714,1981-07-07,"Compiègne",246,"Roubaix","1",38.9891696750903
"29",1981,12.1,8748,1981-07-08,"Roubaix",107,"Brussels","1",44.0329218106996
"31",1981,13,14480,1981-07-09,"Beringen",157,"Hasselt","1",39.0331491712707
"32",1981,14,3030,1981-07-10,"Mulhouse",38,"Mulhouse","0",45.1485148514851
"33",1981,15,20827,1981-07-11,"Besançon",231,"Thonon-les-Bains","2",39.9289383972728
"34",1981,16,22469,1981-07-12,"Thonon-les-Bains",200,"Morzine","3",32.0441497173884
"35",1981,17,27378,1981-07-14,"Morzine",230,"Alpe d'Huez","3",30.2432610124918
"36",1981,18,15403,1981-07-15,"Le Bourg-d'Oisans",134,"Le Pleynet","3",31.3185743037071
"37",1981,19,11222,1981-07-16,"Veurey",118,"Saint-Priest","1",37.8542149349492
"41",1981,20,3676,1981-07-17,"Saint-Priest",46,"Saint-Priest","0",45.0489662676823
"42",1981,21,19956,1981-07-18,"Auxerre",207,"Fontenay-sous-Bois","1",37.3421527360192
"43",1981,22,17124,1981-07-19,"Fontenay-sous-Bois",187,"Paris","1",39.3132445690259
"51",1982,0,571,1982-07-02,"Basel",7,"Basel","0",44.1330998248687
"52",1982,1,19223,1982-07-03,"Basel",207,"Möhlin","2",38.7660614888415
"63",1982,2,23493,1982-07-04,"Basel",250,"Nancy","1",38.3092836163964
"66",1982,3,11887,1982-07-05,"Nancy",134,"Longwy","1",40.58214856566
"67",1982,4,20776,1982-07-06,"Beauraing",219,"Mouscron","1",37.9476318829419
"69",1982,6,21342,1982-07-08,"Lille",233,"Lille","1",39.302783244307
"70",1982,7,22032,1982-07-10,"Cancale",235,"Concarneau","1",38.3986928104575
"71",1982,8,18210,1982-07-11,"Concarneau",201,"Châteaulin","1",39.7364085667216
"53",1982,10,11811,1982-07-13,"Saintes",147,"Bordeaux","1",44.8056896113792
"54",1982,11,4649,1982-07-14,"Valence d'Agen",57,"Valence d'Agen","0",44.1385244138524
"55",1982,12,24947,1982-07-15,"Fleurance",249,"Pau","3",35.9321762135728
"56",1982,13,13227,1982-07-16,"Pau",122,"Saint-Lary-Soulan Pla d'Adet","3",33.2048083465639
"57",1982,14,2712,1982-07-18,"Martigues",33,"Martigues","0",43.8053097345133
"58",1982,15,23681,1982-07-19,"Manosque",208,"Orcières-Merlette","3",31.620286305477
"59",1982,16,12262,1982-07-20,"Orcières-Merlette",123,"Alpe d'Huez","3",36.1115641820258
"60",1982,17,27260,1982-07-21,"Le Bourg-d'Oisans",251,"Morzine","3",33.1474688187821
"61",1982,18,23571,1982-07-22,"Morzine",233,"Saint-Priest","1",35.586101565483
"62",1982,19,3869,1982-07-23,"Saint-Priest",48,"Saint-Priest","0",44.6627035409667
"64",1982,20,15741,1982-07-24,"Sens",161,"Aulnay-sous-Bois","1",36.8210405946255
"65",1982,21,18084,1982-07-25,"Fontenay-sous-Bois",187,"Paris","1",37.2262773722628
"74",1983,0,421,1983-07-01,"Fontenay-sous-Bois",6,"Fontenay-sous-Bois","0",51.3064133016627
"75",1983,1,13778,1983-07-02,"Nogent-sur-Marne",163,"Créteil","1",42.5896356510379
"90",1983,3,13566,1983-07-04,"Valenciennes",152,"Roubaix","2",40.3361344537815
"91",1983,4,28691,1983-07-05,"Roubaix",300,"Le Havre","1",37.642466278624
"92",1983,5,25793,1983-07-06,"Le Havre",257,"Le Mans","1",35.8701973403637
"93",1983,6,4714,1983-07-07,"Châteaubriant",58,"Nantes","0",44.2935935511243
"94",1983,7,20737,1983-07-08,"Nantes",216,"Île d'Oléron","1",37.4981916381347
"95",1983,8,22560,1983-07-09,"La Rochelle",222,"Bordeaux","1",35.4255319148936
"96",1983,9,20802,1983-07-10,"Bordeaux",207,"Pau","1",35.8234785116816
"76",1983,10,23007,1983-07-11,"Pau",201,"Bagnères-de-Luchon","3",31.4512974312166
"77",1983,11,16026,1983-07-12,"Bagnères-de-Luchon",177,"Fleurance","1",39.7603893672782
"78",1983,12,26269,1983-07-13,"Fleurance",261,"Roquefort-sur-Soulzon","1",35.7683962084586
"79",1983,13,21606,1983-07-14,"Roquefort-sur-Soulzon",210,"Aurillac","2",34.9902804776451
"80",1983,14,13156,1983-07-15,"Aurillac",149,"Issoire","2",40.7722712070538
"81",1983,15,2443,1983-07-16,"Clermont-Ferrand",16,"Puy de Dôme","0",23.5775685632419
"82",1983,16,13778,1983-07-17,"Issoire",144,"Saint-Étienne","2",37.6251995935549
"83",1983,17,26492,1983-07-18,"La Tour-du-Pin",223,"Alpe d'Huez","3",30.3034878453873
"84",1983,18,27925,1983-07-20,"Le Bourg-d'Oisans",247,"Morzine","3",31.8424350940018
"85",1983,19,2109,1983-07-21,"Morzine",15,"Avoriaz","0",25.6045519203414
"87",1983,20,26576,1983-07-22,"Morzine",291,"Dijon","1",39.4190246839253
"88",1983,21,4297,1983-07-23,"Dijon",50,"Dijon","0",41.8896904817314
"89",1983,22,19856,1983-07-24,"Alfortville",195,"Paris","1",35.3545527800161
"97",1984,0,399,1984-06-29,"Montreuil",5,"Noisy-le-Sec","0",45.1127819548872
"98",1984,1,12438,1984-06-30,"Bondy",149,"Saint-Denis","1",43.1259044862518
"109",1984,2,25231,1984-07-01,"Bobigny",249,"Louvroil","1",35.5277238317942
"114",1984,4,8343,1984-07-02,"Valenciennes",83,"Béthune","1",35.814455231931
"115",1984,5,17385,1984-07-03,"Béthune",207,"Cergy-Pontoise","1",42.8645383951682
"116",1984,6,18913,1984-07-04,"Cergy-Pontoise",202,"Alençon","1",38.4497435626289
"117",1984,7,5253,1984-07-05,"Alençon",67,"Le Mans","0",45.9166190748144
"118",1984,8,15535,1984-07-06,"Le Mans",192,"Nantes","1",44.4930801416157
"119",1984,9,34811,1984-07-07,"Nantes",338,"Bordeaux","1",34.9544684151561
"99",1984,10,17462,1984-07-08,"Langon",198,"Pau","1",40.8200664299622
"100",1984,11,25421,1984-07-09,"Pau",227,"Guzet-Neige","3",32.1466504071437
"101",1984,12,9586,1984-07-10,"Saint-Girons",111,"Blagnac","1",41.6857917796787
"102",1984,13,21803,1984-07-11,"Blagnac",220,"Rodez","1",36.3252763381186
"103",1984,14,21645,1984-07-12,"Rodez",228,"Domaine du Rouret","2",37.9209979209979
"104",1984,15,25542,1984-07-13,"Domaine du Rouret",241,"Grenoble","2",33.9675828047921
"105",1984,16,2531,1984-07-15,"Les Échelles",22,"La Ruchère","0",31.291979454761
"106",1984,17,16764,1984-07-16,"Grenoble",151,"Alpe d'Huez","3",32.4266284896206
"107",1984,18,22365,1984-07-17,"Le Bourg-d'Oisans",185,"La Plagne","3",29.7786720321932
"108",1984,19,22585,1984-07-18,"La Plagne",186,"Morzine","3",29.647996457826
"110",1984,20,14956,1984-07-19,"Morzine",141,"Crans-Montana","3",33.9395560310243
"111",1984,21,34088,1984-07-20,"Crans-Montana",320,"Villefranche-sur-Saône","2",33.7948838300868
"112",1984,22,4039,1984-07-21,"Villié-Morgon",51,"Villefranche-sur-Saône","0",45.4567962366923
"120",1985,0,527,1985-06-28,"Plumelec",6,"Plumelec","0",40.9867172675522
"121",1985,1,23572,1985-06-29,"Vannes",256,"Lanester","1",39.0972340064483
"133",1985,2,23361,1985-06-30,"Lorient",242,"Vitre","1",37.2929241042764
"138",1985,4,23506,1985-07-02,"Fougères",239,"Pont-Audemer","1",36.6034204033013
"139",1985,5,23245,1985-07-03,"Neufchâtel-en-Bray",224,"Roubaix","1",34.6913314691331
"140",1985,6,23374,1985-07-04,"Roubaix",222,"Reims","1",34.1918370839394
"141",1985,7,21307,1985-07-05,"Reims",217,"Nancy","1",36.6640071338058
"142",1985,8,5695,1985-07-06,"Sarrebourg",75,"Strasbourg","0",47.4100087796313
"143",1985,9,15220,1985-07-07,"Strasbourg",174,"Épinal","2",41.1563731931669
"122",1985,10,18387,1985-07-08,"Épinal",204,"Pontarlier","2",39.9412628487518
"123",1985,11,19144,1985-07-09,"Pontarlier",195,"Morzine Avoriaz","3",36.6694525699958
"124",1985,12,30331,1985-07-10,"Morzine Avoriaz",269,"Lans-en-Vercors","3",31.9277307045597
"125",1985,13,2464,1985-07-11,"Villard-de-Lans",32,"Villard-de-Lans","0",46.7532467532468
"126",1985,14,17792,1985-07-13,"Autrans",179,"Saint-Étienne","2",36.2185251798561
"127",1985,15,25722,1985-07-14,"Saint-Étienne",238,"Aurillac","1",33.3100069979006
"128",1985,16,23514,1985-07-15,"Aurillac",247,"Toulouse","1",37.8157693289104
"129",1985,17,25041,1985-07-16,"Toulouse",209,"Luz Ardiden","3",30.0467233736672
"130",1985,18.1,5959,1985-07-17,"Luz-Saint-Sauveur",53,"Aubisque","3",32.018795099849
"131",1985,18.2,5959,1985-07-17,"Laruns",83,"Pau","3",50.1426413827823
"132",1985,19,20533,1985-07-18,"Pau",203,"Bordeaux","1",35.5914868747869
"134",1985,20,21190,1985-07-19,"Montpon-Ménestérol",225,"Limoges","1",38.2255781028787
"135",1985,21,3771,1985-07-20,"Lac de Vassivière",46,"Lac de Vassivière","0",43.9140811455847
"136",1985,22,18836,1985-07-21,"Orléans",196,"Paris","1",37.4601826290083
"144",1986,0,321,1986-07-04,"Boulogne-Billancourt",4.6,"Boulogne-Billancourt","0",51.588785046729
"145",1986,1,7113,1986-07-05,"Nanterre",85,"Sceaux","1",43.0198228595529
"160",1986,3,20731,1986-07-06,"Levallois-Perret",214,"Liévin","1",37.1617384593121
"161",1986,4,25025,1986-07-07,"Liévin",243,"Évreux","1",34.957042957043
"162",1986,5,11045,1986-07-08,"Evreux",124.5,"Villers-sur-Mer","1",40.5794477138977
"163",1986,6,17221,1986-07-09,"Villers-sur-Mer",200,"Cherbourg","1",41.8094187329423
"164",1986,7,17820,1986-07-10,"Cherbourg",201,"Saint-Hilaire-du-Harcouët","1",40.6060606060606
"165",1986,8,16795,1986-07-11,"Saint-Hilaire-du-Harcouët",204,"Nantes","1",43.7272997916047
"166",1986,9,4726,1986-07-12,"Nantes",61.5,"Nantes","0",46.847228099873
"146",1986,10,16036,1986-07-13,"Nantes",183,"Futuroscope","1",41.0825642304814
"147",1986,11,22360,1986-07-14,"Futuroscope",258.3,"Bordeaux","1",41.5867620751342
"148",1986,12,21798,1986-07-15,"Bayonne",217.5,"Pau","3",35.9207266721718
"149",1986,13,21997,1986-07-16,"Pau",186,"Superbagnères","3",30.4405146156294
"150",1986,14,13664,1986-07-17,"Superbagnères",154,"Blagnac","1",40.5737704918033
"151",1986,15,21151,1986-07-18,"Carcassonne",225.5,"Nîmes","1",38.3811640111579
"152",1986,16,27594,1986-07-19,"Nîmes",246.5,"Gap","1",32.1591650358774
"153",1986,17,21172,1986-07-20,"Gap",190,"Serre Chevalier","3",32.3068203287361
"154",1986,18,18183,1986-07-21,"Briançon",162.5,"Alpe d'Huez","3",32.1729087609305
"155",1986,19,18370,1986-07-23,"Villard-de-Lans",179.5,"Saint-Étienne","1",35.1769188894937
"157",1986,20,4536,1986-07-24,"Saint-Étienne",58,"Saint-Étienne","0",46.031746031746
"158",1986,21,19960,1986-07-25,"Saint-Étienne",190,"Puy de Dôme","1",34.2685370741483
"159",1986,22,18775,1986-07-26,"Clermont-Ferrand",194,"Nevers","1",37.1984021304927
"167",1987,0,426,1987-07-01,"West Berlin",6,"West Berlin","0",50.7042253521127
"168",1987,1,7893,1987-07-02,"West Berlin",105,"West Berlin","1",47.8905359179019
"183",1987,3,19655,1987-07-04,"Karlsruhe",219,"Stuttgart","1",40.1119308064106
"184",1987,4,6563,1987-07-05,"Stuttgart",79,"Pforzheim","1",43.3338412311443
"185",1987,5,9149,1987-07-05,"Pforzheim",112,"Strasbourg","1",44.07039020658
"186",1987,6,15177,1987-07-06,"Strasbourg",169,"Épinal","1",40.0869737102194
"187",1987,7,18497,1987-07-07,"Épinal",211,"Troyes","1",41.0661188300806
"188",1987,8,19433,1987-07-08,"Troyes",206,"Épinay-sous-Sénart","1",38.1618895692894
"189",1987,9,25554,1987-07-09,"Orléans",260,"Renazé","1",36.6283165062221
"169",1987,10,7091,1987-07-10,"Saumur",87,"Futuroscope","0",44.1686645043012
"170",1987,11,25615,1987-07-11,"Poitiers",206,"Chaumeil","2",28.9517860628538
"171",1987,12,20781,1987-07-12,"Brive",228,"Bordeaux","1",39.4976180164573
"172",1987,13,22796,1987-07-13,"Bayonne",219,"Pau","3",34.5850149148974
"173",1987,14,18868,1987-07-14,"Pau",166,"Luz Ardiden","3",31.6726733093068
"174",1987,15,14279,1987-07-15,"Tarbes",164,"Blagnac","1",41.347433293648
"175",1987,16,21501,1987-07-16,"Blagnac",216,"Millau","2",36.1657597321055
"176",1987,17,22664,1987-07-17,"Millau",239,"Avignon","2",37.9632897987999
"177",1987,18,4784,1987-07-19,"Carpentras",37,"Mont Ventoux","3",27.8428093645485
"178",1987,19,17614,1987-07-20,"Valréas",185,"Villard-de-Lans","3",37.8108322924946
"180",1987,20,21131,1987-07-21,"Villard-de-Lans",201,"Alpe d'Huez","3",34.243528465288
"181",1987,21,22025,1987-07-22,"Le Bourg-d'Oisans",185,"La Plagne","3",30.2383654937571
"182",1987,22,22428,1987-07-23,"La Plagne",186,"Morzine","3",29.8555377207063
"190",1988,0,74,1988-07-03,"Pornichet",1,"La Baule","0",48.6486486486487
"191",1988,1,8194,1988-07-04,"Pontchâteau",92,"Machecoul","1",40.4198193800342
"206",1988,3,17528,1988-07-05,"Nantes",213,"Le Mans","1",43.7471474212688
"207",1988,4,12314,1988-07-06,"Le Mans",158,"Évreux","1",46.1913269449407
"208",1988,5,11654,1988-07-07,"Neufchâtel-en-Bray",148,"Liévin","1",45.718208340484
"209",1988,6,3802,1988-07-08,"Liévin",52,"Wasquehal","0",49.2372435560231
"210",1988,7,19630,1988-07-09,"Wasquehal",225,"Reims","1",41.2633723892002
"211",1988,8,19458,1988-07-10,"Reims",219,"Nancy","1",40.518038852914
"212",1988,9,13651,1988-07-11,"Nancy",161,"Strasbourg","2",42.458427953996
"192",1988,10,12511,1988-07-12,"Belfort",149,"Besançon","2",42.8742706418352
"193",1988,11,21894,1988-07-13,"Besançon",232,"Morzine","3",38.1474376541518
"194",1988,12,24944,1988-07-14,"Morzine",227,"Alpe d'Huez","3",32.7613855035279
"195",1988,13,3744,1988-07-15,"Grenoble",38,"Villard-de-Lans","3",36.5384615384615
"196",1988,14,16234,1988-07-17,"Blagnac",163,"Guzet-Neige","3",36.1463594924233
"197",1988,15,22844,1988-07-18,"Saint-Girons",187,"Luz Ardiden","3",29.4694449308352
"198",1988,16,2796,1988-07-19,"Luz Ardiden",35,"Pau","1",45.0643776824034
"199",1988,17,17883,1988-07-19,"Pau",198,"Bordeaux","1",39.859084046301
"200",1988,18,7965,1988-07-20,"Ruelle-sur-Touvre",94,"Limoges","1",42.4858757062147
"201",1988,19,18874,1988-07-21,"Limoges",188,"Puy de Dôme","2",35.8588534491894
"203",1988,20,21825,1988-07-22,"Clermont-Ferrand",223,"Chalon-sur-Saône","1",36.7835051546392
"204",1988,21,3757,1988-07-23,"Santenay",46,"Santenay","0",44.0777215863721
"205",1988,22,17489,1988-07-24,"Nemours",173,"Paris","1",35.6109554577163
"213",1989,0,594,1989-07-01,"Luxembourg City",7.8,"Luxembourg City","0",47.2727272727273
"214",1989,1,12096,1989-07-02,"Luxembourg City",135.5,"Luxembourg City","1",40.327380952381
"228",1989,3,23657,1989-07-03,"Luxembourg City",241,"Spa","1",36.6741345056432
"229",1989,4,22438,1989-07-04,"Liège",255,"Wasquehal","1",40.9127373206168
"230",1989,5,5892,1989-07-06,"Dinard",73,"Rennes","0",44.6028513238289
"231",1989,6,25065,1989-07-07,"Rennes",259,"Futuroscope","1",37.1992818671454
"232",1989,7,26517,1989-07-08,"Poitiers",258.5,"Bordeaux","1",35.0944676999661
"233",1989,8,13886,1989-07-09,"Labastide-d'Armagnac",157,"Pau","1",40.7028661961688
"234",1989,9,16356,1989-07-10,"Pau",147,"Cauterets","3",32.3550990462216
"215",1989,10,15739,1989-07-11,"Cauterets",136,"Superbagnères","3",31.107440116907
"216",1989,11,13067,1989-07-12,"Luchon",158.5,"Blagnac","1",43.6672533863932
"217",1989,12,20454,1989-07-13,"Toulouse",242,"Montpellier","1",42.5931358169551
"218",1989,13,15451,1989-07-14,"Montpellier",179,"Marseille","1",41.7060384441136
"219",1989,14,23275,1989-07-15,"Marseille",240,"Gap","2",37.1213748657358
"220",1989,15,4242,1989-07-16,"Gap",39,"Orcières-Merlette","3",33.0975954738331
"221",1989,16,17205,1989-07-18,"Gap",175,"Briançon","3",36.617262423714
"222",1989,17,18639,1989-07-19,"Briançon",165,"Alpe d'Huez","3",31.8686624818928
"223",1989,18,9088,1989-07-20,"Le Bourg-d'Oisans",91.5,"Villard-de-Lans","3",36.2455985915493
"224",1989,19,11873,1989-07-21,"Villard-de-Lans",125,"Aix-les-Bains","3",37.9011201886634
"226",1989,20,12376,1989-07-22,"Aix-les-Bains",130,"L'Isle-d'Abeau","1",37.8151260504202
"227",1989,21,1617,1989-07-23,"Versailles",24.5,"Paris","0",54.5454545454545
"235",1990,0,469,1990-06-30,"Futuroscope",6.3,"Futuroscope","0",48.3582089552239
"236",1990,1,11941,1990-07-01,"Futuroscope",138.5,"Futuroscope","1",41.7552968763085
"250",1990,3,20773,1990-07-02,"Poitiers",233,"Nantes","1",40.3793385644827
"251",1990,4,19413,1990-07-03,"Nantes",203,"Mont Saint-Michel","1",37.6448771441817
"252",1990,5,27787,1990-07-04,"Avranches",301,"Rouen","1",38.9966531111671
"253",1990,6,19436,1990-07-06,"Sarrebourg",202.5,"Vittel","1",37.5077176373739
"254",1990,7,4625,1990-07-07,"Vittel",61.5,"Épinal","0",47.8702702702703
"255",1990,8,16013,1990-07-08,"Épinal",181.5,"Besançon","1",40.8043464684944
"256",1990,9,17167,1990-07-09,"Besançon",196,"Geneva","2",41.1021145220481
"237",1990,10,12271,1990-07-10,"Geneva",118.5,"Saint-Gervais","3",34.7648928367696
"238",1990,11,20271,1990-07-11,"Saint-Gervais",182.5,"Alpe d'Huez","3",32.4108332100044
"239",1990,12,3412,1990-07-12,"Fontaine",33.5,"Villard-de-Lans","3",35.3458382180539
"240",1990,13,12012,1990-07-14,"Villard-de-Lans",149,"Saint-Étienne","2",44.6553446553447
"241",1990,14,18723,1990-07-15,"Le Puy-en-Velay",205,"Millau","2",39.4167601345938
"242",1990,15,15236,1990-07-16,"Millau",170,"Revel","1",40.1680231031767
"243",1990,16,25478,1990-07-17,"Blagnac",215,"Luz Ardiden","3",30.3791506397676
"244",1990,17,14905,1990-07-18,"Lourdes",150,"Pau","3",36.2294532036229
"245",1990,18,20493,1990-07-19,"Pau",202,"Bordeaux","1",35.4852876592007
"246",1990,19,18964,1990-07-20,"Castillon-la-Bataille",182.5,"Limoges","1",34.6445897489981
"248",1990,20,3760,1990-07-21,"Lac de Vassivière",45.5,"Lac de Vassivière","0",43.563829787234
"249",1990,21,17632,1990-07-22,"Brétigny-sur-Orge",182.5,"Paris","1",37.2617967332123
"257",1991,0,371,1991-07-06,"Lyon",5.4,"Lyon","0",52.3989218328841
"258",1991,1,8934,1991-07-07,"Lyon",114.5,"Lyon","1",46.1383478844862
"273",1991,3,18911,1991-07-08,"Villeurbanne",210.5,"Dijon","1",40.0719158161916
"274",1991,4,28154,1991-07-09,"Dijon",286,"Reims","1",36.5702919656177
"275",1991,5,11858,1991-07-10,"Reims",149.5,"Valenciennes","1",45.3870804520155
"276",1991,6,23907,1991-07-11,"Arras",259,"Le Havre","1",39.0011293763333
"277",1991,7,14538,1991-07-12,"Le Havre",167,"Argentan","1",41.3536937680561
"278",1991,8,5744,1991-07-13,"Argentan",73,"Alençon","0",45.7520891364903
"279",1991,9,13251,1991-07-14,"Alençon",161,"Rennes","1",43.7400950871632
"259",1991,10,19403,1991-07-15,"Rennes",207.5,"Quimper","1",38.4992011544606
"260",1991,11,18751,1991-07-16,"Quimper",246,"Saint-Herblain","1",47.2294810943416
"261",1991,12,18952,1991-07-18,"Pau",192,"Jaca","3",36.4710848459265
"262",1991,13,25876,1991-07-19,"Jaca",232,"Val-Louron","3",32.2770134487556
"263",1991,14,15351,1991-07-20,"St Gaudens",172.5,"Castres","1",40.453390658589
"264",1991,15,22882,1991-07-21,"Albi",235,"Ales","2",36.972292631763
"265",1991,16,21999,1991-07-22,"Alès",215,"Gap","1",35.1834174280649
"266",1991,17,12348,1991-07-23,"Gap",125,"Alpe d'Huez","3",36.4431486880466
"267",1991,18,26807,1991-07-24,"Le Bourg-d'Oisans",255,"Morzine","3",34.2447868094155
"268",1991,19,15508,1991-07-25,"Morzine",177,"Aix-les-Bains","2",41.0884704668558
"270",1991,20,15172,1991-07-26,"Aix-les-Bains",160,"Mâcon","2",37.9646717637754
"271",1991,21,4305,1991-07-27,"Lugny",57,"Mâcon","0",47.6655052264808
"272",1991,22,17016,1991-07-28,"Melun",178,"Paris","1",37.6586741889986
"280",1992,0,562,1992-07-04,"San Sebastián",8,"San Sebastián","0",51.2455516014235
"281",1992,1,16659,1992-07-05,"San Sebastián",194.5,"San Sebastián","2",42.0313344138304
"292",1992,2,24116,1992-07-06,"San Sebastián",255,"Pau","2",38.0660142643888
"295",1992,3,20717,1992-07-07,"Pau",210,"Bordeaux","1",36.4917700439253
"297",1992,5,14761,1992-07-09,"Nogent-sur-Oise",196,"Wasquehal","1",47.8016394553215
"298",1992,6,13026,1992-07-10,"Roubaix",167,"Brussels","1",46.1538461538462
"299",1992,7,15707,1992-07-11,"Brussels",196.5,"Valkenburg","1",45.0372445406507
"300",1992,8,17123,1992-07-12,"Valkenburg",206.5,"Koblenz","1",43.4152893768615
"301",1992,9,4771,1992-07-13,"Luxembourg City",65,"Luxembourg City","0",49.0463215258856
"282",1992,10,18165,1992-07-14,"Luxembourg City",217,"Strasbourg","1",43.0057803468208
"283",1992,11,23449,1992-07-15,"Strasbourg",249.5,"Mulhouse","2",38.3044053051303
"284",1992,12,25856,1992-07-16,"Dole",267.5,"St Gervais","2",37.2447400990099
"285",1992,13,27891,1992-07-18,"St Gervais",254.5,"Sestriere","3",32.8493062278154
"286",1992,14,20518,1992-07-19,"Sestriere",186.5,"Alpe d'Huez","3",32.7224875718881
"287",1992,15,17039,1992-07-20,"Le Bourg-d'Oisans",198,"Saint-Étienne","2",41.833440929632
"288",1992,16,21134,1992-07-21,"Saint-Étienne",212,"La Bourboule","2",36.1124254755371
"289",1992,17,16495,1992-07-22,"La Bourboule",189,"Montluçon","1",41.2488632919066
"290",1992,18,18435,1992-07-23,"Montluçon",212,"Tours","1",41.3995117982099
"291",1992,19,4401,1992-07-24,"Tours",64,"Blois","0",52.3517382413088
"293",1992,20,21816,1992-07-25,"Blois",222,"Nanterre","1",36.6336633663366
"294",1992,21,12517,1992-07-26,"La Défense",141,"Paris","1",40.5528481265479
"302",1993,0,492,1993-07-03,"Le Puy du Fou",6.8,"Le Puy du Fou","0",49.7560975609756
"303",1993,1,17549,1993-07-04,"Luçon",215,"Les Sables-d'Olonne","1",44.1050772123768
"314",1993,2,20469,1993-07-05,"Les Sables-d'Olonne",227.5,"Vannes","1",40.011725047633
"316",1993,3,16913,1993-07-06,"Vannes",189.5,"Dinard","1",40.3358363389109
"318",1993,5,18717,1993-07-08,"Avranches",225.5,"Évreux","1",43.3723353101459
"319",1993,6,11510,1993-07-09,"Évreux",158,"Amiens","1",49.4178974804518
"320",1993,7,16091,1993-07-10,"Péronne",199,"Châlons-sur-Marne","1",44.5217823628115
"321",1993,8,15743,1993-07-11,"Châlons-sur-Marne",184.5,"Verdun","1",42.1901797624341
"322",1993,9,4370,1993-07-12,"Lac de Madine",59,"Lac de Madine","0",48.604118993135
"304",1993,10,19732,1993-07-14,"Villard-de-Lans",203,"Serre Chevalier","3",37.0362862355565
"305",1993,11,20463,1993-07-15,"Serre Chevalier",179,"Isola 2000","3",31.4909837267263
"306",1993,12,26984,1993-07-16,"Isola",286.5,"Marseille","1",38.2226504595316
"307",1993,13,15190,1993-07-17,"Marseille",181.5,"Montpellier","1",43.0151415404872
"308",1993,14,19731,1993-07-18,"Montpellier",223,"Perpignan","1",40.6872434240535
"309",1993,15,26419,1993-07-19,"Perpignan",231.5,"Pal","3",31.5454786328022
"310",1993,16,26461,1993-07-21,"Andorra",230,"Saint-Lary-Soulan Pla d'Adet","3",31.2913344166887
"311",1993,17,18333,1993-07-22,"Tarbes",190,"Pau","3",37.3097692685322
"312",1993,18,18544,1993-07-23,"Orthez",199.5,"Bordeaux","1",38.7295081967213
"313",1993,19,3422,1993-07-24,"Brétigny-sur-Orge",48,"Montlhéry","0",50.4967855055523
"315",1993,20,19640,1993-07-25,"Viry-Châtillon",196.5,"Paris","1",36.0183299389002
"323",1994,0,469,1994-07-02,"Lille",7.2,"Lille","0",55.2665245202559
"324",1994,1,20776,1994-07-03,"Lille",234,"Armentières","1",40.5467847516365
"335",1994,2,18340,1994-07-04,"Roubaix",203.5,"Boulogne-sur-Mer","1",39.9454743729553
"339",1994,4,18773,1994-07-06,"Dover",204.5," Brighton","1",39.2158951685932
"340",1994,5,15049,1994-07-07,"Portsmouth",187,"Portsmouth","1",44.7338693600904
"341",1994,6,25127,1994-07-08,"Cherbourg",270.5,"Rennes","1",38.7551239702312
"342",1994,7,21410,1994-07-09,"Rennes",259.5,"Futuroscope","1",43.633815973844
"343",1994,8,18567,1994-07-10,"Poitiers",218.5,"Trélissac","1",42.3654871546292
"344",1994,9,4558,1994-07-11,"Périgueux",64,"Bergerac","0",50.5484861781483
"325",1994,10,13091,1994-07-12,"Bergerac",160.5,"Cahors","1",44.1371934917119
"326",1994,11,25084,1994-07-13,"Cahors",263.5,"Hautacam","3",37.8169350980705
"327",1994,12,22112,1994-07-15,"Lourdes",204.5,"Luz Ardiden","3",33.2941389290883
"328",1994,13,18888,1994-07-16,"Bagnères-de-Bigorre",223,"Albi","1",42.5031766200762
"329",1994,14,18664,1994-07-17,"Castres",202,"Montpellier","1",38.9627089584226
"330",1994,15,23519,1994-07-18,"Montpellier",231,"Carpentras","3",35.3586462009439
"331",1994,16,22005,1994-07-19,"Valréas",224.5,"Alpe d'Huez","3",36.7280163599182
"332",1994,17,18832,1994-07-20,"Le Bourg-d'Oisans",149,"Val Thorens","3",28.4834324553951
"333",1994,18,17539,1994-07-21,"Moutiers",174.5,"Cluses","3",35.8173213980273
"334",1994,19,4979,1994-07-22,"Cluses",47.5,"Avoriaz","3",34.3442458324965
"336",1994,20,21037,1994-07-23,"Morzine",208.5,"Lac Saint-Point","2",35.6799923943528
"337",1994,21,17014,1994-07-24,"Disneyland Paris",175,"Paris","1",37.0283296109087
"345",1995,0,540,1995-07-01,"Saint-Brieuc",7.3,"Saint-Brieuc","0",48.6666666666667
"346",1995,1,20958,1995-07-02,"Dinan",233.5,"Lannion","1",40.1087890065846
"357",1995,2,19595,1995-07-03,"Perros-Guirec",235.5,"Vitre","1",43.2661393212554
"360",1995,4,13223,1995-07-05,"Alençon",162,"Le Havre","1",44.1049686152915
"361",1995,5,21106,1995-07-06,"Fécamp",261,"Dunkirk","1",44.518146498626
"362",1995,6,16257,1995-07-07,"Dunkirk",202,"Charleroi","1",44.7315002768038
"363",1995,7,17294,1995-07-08,"Charleroi",203,"Liège","2",42.2574303226553
"364",1995,8,3856,1995-07-09,"Huy",54,"Seraing","0",50.4149377593361
"365",1995,9,16878,1995-07-11,"Le Grand-Bornand",160,"La Plagne","3",34.1272662637753
"347",1995,10,18794,1995-07-12,"La Plagne",162.5,"L'Alpe d'Huez","3",31.1269554113015
"348",1995,11,16995,1995-07-13,"Le Bourg-d'Oisans",199,"Saint-Étienne","2",42.153574580759
"349",1995,12,19145,1995-07-14,"Saint-Étienne",222.5,"Mende","2",41.8386001566989
"350",1995,13,21045,1995-07-15,"Mende",245,"Revel","1",41.9101924447612
"351",1995,14,16148,1995-07-16,"Saint-Orens-de-Gameville",164,"Guzet-Neige","3",36.5618033192965
"352",1995,15,22848,1995-07-18,"Saint-Girons",206,"Cauterets","3",32.4579831932773
"354",1995,17,23389,1995-07-20,"Pau",246,"Bordeaux","1",37.8639531403651
"355",1995,18,13673,1995-07-21,"Montpon-Ménestérol",166.5,"Limoges","1",43.8382213120749
"356",1995,19,3454,1995-07-22,"Lac de Vassivière",46.5,"Lac de Vassivière","0",48.4655471916618
"358",1995,20,13186,1995-07-23,"Sainte-Geneviève-des-Bois",155,"Paris","1",42.3176095859245
"366",1996,0,653,1996-06-29,"'s-Hertogenbosch",9.4,"'s-Hertogenbosch","0",51.8223583460949
"367",1996,1,18001,1996-06-30,"'s-Hertogenbosch",209,"'s-Hertogenbosch","1",41.797677906783
"378",1996,2,23362,1996-07-01,"'s-Hertogenbosch",247.5,"Wasquehal","1",38.1388579744885
"381",1996,3,19761,1996-07-02,"Wasquehal",195,"Nogent-sur-Oise","1",35.5245179899803
"382",1996,4,20630,1996-07-03,"Soissons",232,"Lac de Madine","1",40.4847309743093
"383",1996,5,20630,1996-07-04,"Lac de Madine",242,"Besançon","1",42.2297624818226
"384",1996,6,18338,1996-07-05,"Arc-et-Senans",207,"Aix-les-Bains","2",40.6369287817646
"385",1996,7,20842,1996-07-06,"Chambéry",200,"Les Arcs","3",34.5456290183284
"386",1996,8,3113,1996-07-07,"Bourg-Saint-Maurice",30.5,"Val d'Isère","0",35.2714423385802
"387",1996,9,4244,1996-07-08,"Le Monêtier-les-Bains",46,"Sestriere","3",39.0197926484449
"368",1996,10,18490,1996-07-09,"Turin",208.5,"Gap","2",40.5949161709032
"369",1996,11,18552,1996-07-11,"Gap",202,"Valence","2",39.1979301423027
"370",1996,12,19759,1996-07-12,"Valence",143.5,"Le Puy-en-Velay","2",26.145047826307
"371",1996,13,14636,1996-07-13,"Le Puy-en-Velay",177,"Super Besse","2",43.5364853785187
"372",1996,14,14789,1996-07-14,"Besse",186.5,"Tulle","2",45.3986070728244
"373",1996,15,14092,1996-07-15,"Brive-la-Gaillarde",176,"Villeneuve-sur-Lot","1",44.9616803860346
"374",1996,16,17776,1996-07-16,"Agen",199,"Hautacam","3",40.3015301530153
"375",1996,17,25628,1996-07-17,"Argelès-Gazost",262,"Pamplona","3",36.8034961760574
"376",1996,18,15062,1996-07-18,"Pamplona",154.5,"Hendaye","2",36.927366883548
"377",1996,19,19511,1996-07-19,"Hendaye",226.5,"Bordeaux","1",41.7918097483471
"379",1996,20,4531,1996-07-20,"Bordeaux",63.5,"Saint-Émilion","0",50.4524387552417
"380",1996,21,12644,1996-07-21,"Palaiseau",147.5,"Paris","1",41.9962037329959
"388",1997,0,500,1997-07-05,"Rouen",7.3,"Rouen","0",52.56
"389",1997,1,16799,1997-07-06,"Rouen",192,"Forges-les-Eaux","1",41.1453062682303
"400",1997,2,23267,1997-07-07,"Saint-Valery-en-Caux",262,"Vire","1",40.5381011733356
"403",1997,3,17673,1997-07-08,"Vire",224,"Plumelec","1",45.6289254795451
"404",1997,4,20802,1997-07-09,"Plumelec",223,"Le Puy du Fou","1",38.5924430343236
"405",1997,5,22604,1997-07-10,"Chantonnay",261.5,"La Châtre","1",41.6474960184038
"406",1997,6,21489,1997-07-11,"Le Blanc",217.5,"Marennes","1",36.4372469635628
"407",1997,7,15075,1997-07-12,"Marennes",194,"Bordeaux","1",46.3283582089552
"408",1997,8,12162,1997-07-13,"Sauternes",161.5,"Pau","1",47.8046373951653
"409",1997,9,19497,1997-07-14,"Pau",182,"Loudenvielle","3",33.6051700261579
"390",1997,10,27966,1997-07-15,"Luchon",252.5,"Andorra Arcalis","3",32.5037545591075
"391",1997,11,18305,1997-07-16,"Andorra Arcalis",192,"Perpignan","2",37.7601748156241
"392",1997,12,4584,1997-07-18,"Saint-Étienne",55,"Saint-Étienne","0",43.1937172774869
"393",1997,13,18162,1997-07-19,"Saint-Étienne",203.5,"Alpe d'Huez","3",40.3369672943508
"394",1997,14,16456,1997-07-20,"Le Bourg-d'Oisans",148,"Courchevel","3",32.3772484200292
"395",1997,15,21436,1997-07-21,"Courchevel",208.5,"Morzine","3",35.0158611681284
"396",1997,16,16211,1997-07-22,"Morzine",181,"Fribourg","2",40.194929368947
"397",1997,17,17678,1997-07-23,"Fribourg",218.5,"Colmar","1",44.4959837085643
"398",1997,18,15888,1997-07-24,"Colmar",175.5,"Montbéliard","2",39.7658610271903
"399",1997,19,14597,1997-07-25,"Montbéliard",172,"Dijon","1",42.4196752757416
"401",1997,20,4557,1997-07-26,"Disneyland Paris",63,"Disneyland Paris","0",49.7695852534562
"402",1997,21,14076,1997-07-27,"Disneyland Paris",149.5,"Paris","1",38.2352941176471
"410",1998,0,372,1998-07-11,"Dublin",5.6,"Dublin","0",54.1935483870968
"411",1998,1,16198,1998-07-12,"Dublin",180.5,"Dublin","1",40.1160637115693
"421",1998,2,20710,1998-07-13,"Enniscorthy",205.5,"Cork","1",35.7218734910671
"424",1998,3,12816,1998-07-14,"Roscoff",169,"Lorient","1",47.4719101123595
"425",1998,4,20912,1998-07-15,"Plouay",252,"Cholet","1",43.3817903596021
"426",1998,5,19129,1998-07-16,"Cholet",228.5,"Châteauroux","1",43.0027706623451
"427",1998,6,18332,1998-07-17,"La Châtre",204.5,"Brive-la-Gaillarde","1",40.1592843115863
"428",1998,7,4525,1998-07-18,"Meyrignac-l'Église",58,"Corrèze","0",46.1436464088398
"429",1998,8,16855,1998-07-19,"Brive-la-Gaillarde",190.5,"Montauban","1",40.688223079205
"430",1998,9,19270,1998-07-20,"Montauban",210,"Pau","1",39.231966787753
"412",1998,10,20980,1998-07-21,"Pau",196.5,"Luchon","3",33.7178265014299
"413",1998,11,18927,1998-07-22,"Luchon",170,"Plateau de Beille","3",32.3347598668569
"414",1998,12,15171,1998-07-24,"Tarascon-sur-Ariège",222,"Le Cap d'Agde","1",52.6794542218707
"415",1998,13,16366,1998-07-25,"Frontignan la Peyrade",196,"Carpentras","1",43.1137724550898
"416",1998,14,16253,1998-07-26,"Valréas",186.5,"Grenoble","2",41.3092967452163
"417",1998,15,20625,1998-07-27,"Grenoble",189,"Les Deux Alpes","3",32.9890909090909
"418",1998,16,20387,1998-07-28,"Vizille",204,"Albertville","3",36.02295580517
"419",1998,18,17607,1998-07-30,"Aix-les-Bains",218.5,"Neuchâtel","2",44.6754131879366
"420",1998,19,18614,1998-07-31,"La Chaux-de-Fonds",242,"Autun","1",46.8034812506715
"422",1998,20,3832,1998-08-01,"Montceau-les-Mines",52,"Le Creusot","0",48.8517745302714
"423",1998,21,13476,1998-08-02,"Melun",147.5,"Paris","1",39.4033837934105
"431",1999,0,482,1999-07-03,"Le Puy du Fou",6.8,"Le Puy du Fou","0",50.7883817427386
"432",1999,1,17778,1999-07-04,"Montaigu",208,"Challans","1",42.1194735065812
"443",1999,2,13532,1999-07-05,"Challans",176,"Saint-Nazaire","1",46.822347029264
"445",1999,3,16167,1999-07-06,"Nantes",194.5,"Laval","1",43.3104472072741
"446",1999,4,13905,1999-07-07,"Laval",194.5,"Blois","1",50.3559870550162
"447",1999,5,20188,1999-07-08,"Bonneval",233.5,"Amiens","1",41.6385971864474
"448",1999,6,15069,1999-07-09,"Amiens",171.5,"Maubeuge","1",40.9715309575951
"449",1999,7,19619,1999-07-10,"Avesnes-sur-Helpe",227,"Thionville","1",41.6534991589785
"450",1999,8,4116,1999-07-11,"Metz",56.5,"Metz","0",49.4169096209913
"451",1999,9,21431,1999-07-13,"Le Grand-Bornand",213.5,"Sestrières","3",35.8639354206523
"433",1999,10,24151,1999-07-14,"Sestrières",220.5,"Alpe d'Huez","3",32.8682042151464
"434",1999,11,16443,1999-07-15,"Le Bourg-d'Oisans",198.5,"Saint-Étienne","2",43.4592227695676
"435",1999,12,17630,1999-07-16,"Saint-Galmier",201.5,"Saint-Flour","2",41.1457742484402
"436",1999,13,21165,1999-07-17,"Saint-Flour",236.5,"Albi","2",40.2267895109851
"437",1999,14,16679,1999-07-18,"Castres",199,"Saint-Gaudens","1",42.9522153606331
"438",1999,15,19189,1999-07-20,"Saint-Gaudens",173,"Piau-Engaly","3",32.4560946375528
"439",1999,16,19027,1999-07-21,"Lannemezan",192,"Pau","3",36.3273243285857
"440",1999,17,15749,1999-07-22,"Mourenx",200,"Bordeaux","1",45.7171883929138
"441",1999,18,15463,1999-07-23,"Jonzac",187.5,"Futuroscope","1",43.6525900536765
"442",1999,19,4097,1999-07-24,"Futuroscope",57,"Futuroscope","0",50.0854283622163
"444",1999,20,13059,1999-07-25,"Arpajon",143.5,"Paris","1",39.5589248793935
"452",2000,1,1143,2000-07-01,"Futuroscope",16.5,"Futuroscope","0",51.9685039370079
"463",2000,2,17168,2000-07-02,"Futuroscope",194,"Loudun","1",40.6803355079217
"466",2000,3,13071,2000-07-03,"Loudun",161.5,"Nantes","1",44.480146890062
"468",2000,5,15545,2000-07-05,"Vannes",202,"Vitré","1",46.7803152138951
"469",2000,6,16086,2000-07-06,"Vitré",198.5,"Tours","1",44.4237224916076
"470",2000,7,18701,2000-07-07,"Tours",205.5,"Limoges","1",39.5593818512379
"471",2000,8,15734,2000-07-08,"Limoges",203.5,"Villeneuve-sur-Lot","1",46.5615863734588
"472",2000,9,16146,2000-07-09,"Agen",181,"Dax","1",40.3567447045708
"453",2000,10,22172,2000-07-10,"Dax",205,"Hautacam","3",33.2852246076132
"454",2000,11,18347,2000-07-11,"Bagnères-de-Bigorre",218.5,"Revel","2",42.8734943042459
"455",2000,12,15311,2000-07-13,"Carpentras",149,"Mont Ventoux","3",35.0336359480112
"456",2000,13,14582,2000-07-14,"Avignon",185.5,"Draguignan","1",45.7961870799616
"457",2000,14,28573,2000-07-15,"Draguignan",249.5,"Briançon","3",31.4352710600917
"458",2000,15,20086,2000-07-16,"Briançon",173.5,"Courchevel","3",31.0962859703276
"459",2000,16,19940,2000-07-18,"Courchevel",196.5,"Morzine","3",35.4764292878636
"460",2000,17,12293,2000-07-19,"Évian-les-Bains",155,"Lausanne","2",45.3916863255511
"461",2000,18,22095,2000-07-20,"Lausanne",246.5,"Freiburg","1",40.162932790224
"462",2000,19,3901,2000-07-21,"Freiburg",58.5,"Mulhouse","0",53.9861573955396
"464",2000,20,22453,2000-07-22,"Belfort",254.5,"Troyes","1",40.8052376074467
"465",2000,21,11556,2000-07-23,"Paris",138,"Paris","1",42.9906542056075
"473",2001,0,560,2001-07-07,"Dunkirk",8.2,"Dunkirk","0",52.7142857142857
"474",2001,1,17715,2001-07-08,"Saint-Omer",194.5,"Boulogne-sur-Mer","1",39.5258255715495
"485",2001,2,16547,2001-07-09,"Calais",220.5,"Antwerp","1",47.9724421345259
"487",2001,3,16472,2001-07-10,"Antwerp",198.5,"Seraing","1",43.382710053424
"488",2001,4,19069,2001-07-11,"Huy",215,"Verdun","1",40.589438355446
"490",2001,6,17439,2001-07-13,"Commercy",211.5,"Strasbourg","1",43.6607603646998
"491",2001,7,14764,2001-07-14,"Strasbourg",162.5,"Colmar","2",39.6234082904362
"492",2001,8,17958,2001-07-15,"Colmar",222.5,"Pontarlier","1",44.6040761777481
"493",2001,9,14268,2001-07-16,"Pontarlier",185,"Aix-les-Bains","1",46.6778805719092
"475",2001,10,23027,2001-07-17,"Aix-les-Bains",209,"Alpe d'Huez","3",32.6746862378946
"476",2001,11,4047,2001-07-18,"Grenoble",32,"Chamrousse","0",28.4655300222387
"477",2001,12,18214,2001-07-20,"Perpignan",166.5,"Plateau de Bonascre","3",32.9087515098276
"478",2001,13,20662,2001-07-21,"Foix",194,"Saint-Lary-Soulan Pla d'Adet","3",33.8011809118188
"479",2001,14,15870,2001-07-22,"Tarbes",141.5,"Luz Ardiden","3",32.0982986767486
"480",2001,15,18981,2001-07-24,"Pau",232.5,"Lavaur","1",44.0967283072546
"481",2001,16,19631,2001-07-25,"Castelsarrasin",229.5,"Sarran","1",42.086495848403
"482",2001,17,15216,2001-07-26,"Brive-la-Gaillarde",194,"Montluçon","1",45.8990536277603
"483",2001,18,4456,2001-07-27,"Montluçon",61,"Saint-Amand-Montrond","0",49.2818671454219
"484",2001,19,11547,2001-07-28,"Orléans",149.5,"Évry","1",46.6095089633671
"486",2001,20,14248,2001-07-29,"Corbeil-Essonnes",160.5,"Paris","1",40.5530600786075
"494",2002,0,548,2002-07-06,"Luxembourg City",7,"Luxembourg City","0",45.985401459854
"495",2002,1,17356,2002-07-07,"Luxembourg City",192.5,"Luxembourg City","1",39.9285549665822
"506",2002,2,15591,2002-07-08,"Luxembourg City",181,"Saarbrücken","1",41.7933423128728
"508",2002,3,15217,2002-07-09,"Metz",174.5,"Reims","1",41.2827758428074
"510",2002,5,15213,2002-07-11,"Soissons",195,"Rouen","1",46.1447446263064
"511",2002,6,15787,2002-07-12,"Forges-les-Eaux",199.5,"Alençon","1",45.4931272566035
"512",2002,7,15056,2002-07-13,"Bagnoles-de-l'Orne",176,"Avranches","1",42.0828905419766
"513",2002,8,16612,2002-07-14,"Saint-Martin-de-Landelles",217.5,"Plouay","1",47.1346014928967
"514",2002,9,3739,2002-07-15,"Lanester",52,"Lorient","0",50.0668627975395
"496",2002,10,10815,2002-07-17,"Bazas",147,"Pau","1",48.9320388349515
"497",2002,11,15717,2002-07-18,"Pau",158,"La Mongie","3",36.1901126169116
"498",2002,12,21629,2002-07-19,"Lannemezan",199.5,"Plateau de Beille","3",33.2054186508854
"499",2002,13,14898,2002-07-20,"Lavelanet",171,"Béziers","1",41.3209826822392
"500",2002,14,20606,2002-07-21,"Lodève",221,"Mont Ventoux","3",38.6101135591575
"501",2002,15,21316,2002-07-23,"Vaison-la-Romaine",226.5,"Les Deux Alpes","2",38.2529555263652
"502",2002,16,20909,2002-07-24,"Les Deux Alpes",179.5,"La Plagne","3",30.905351762399
"503",2002,17,14547,2002-07-25,"Aime",142,"Cluses","3",35.141266240462
"504",2002,18,16108,2002-07-26,"Cluses",176.5,"Bourg-en-Bresse","2",39.4462378942141
"505",2002,19,3830,2002-07-27,"Régnié-Durette",50,"Mâcon","0",46.9973890339426
"507",2002,20,12647,2002-07-28,"Melun",144,"Paris","1",40.9899580928283
"515",2003,0,446,2003-07-05,"Paris",6.5,"Paris","0",52.4663677130045
"516",2003,1,13473,2003-07-06,"Saint-Denis",168,"Meaux","1",44.8897795591182
"527",2003,2,18393,2003-07-07,"La Ferté-sous-Jouarre",204.5,"Sedan","1",40.0260968846844
"529",2003,3,12459,2003-07-08,"Charleville-Mézières",167.5,"Saint-Dizier","1",48.3987478930893
"531",2003,5,14987,2003-07-10,"Troyes",196.5,"Nevers","1",47.200907453126
"532",2003,6,18515,2003-07-11,"Nevers",230,"Lyon","1",44.7204968944099
"533",2003,7,21963,2003-07-12,"Lyon",230.5,"Morzine","3",37.7817238082229
"534",2003,8,21450,2003-07-13,"Sallanches",219,"Alpe d'Huez","3",36.7552447552448
"535",2003,9,18120,2003-07-14,"Le Bourg-d'Oisans",184.5,"Gap","3",36.6556291390728
"517",2003,10,18573,2003-07-15,"Gap",219.5,"Marseille","1",42.5456307543208
"518",2003,11,12573,2003-07-17,"Narbonne",153.5,"Toulouse","1",43.9513242662849
"519",2003,12,3512,2003-07-18,"Gaillac",47,"Cap Découverte","0",48.1776765375854
"520",2003,13,18968,2003-07-19,"Toulouse",197.5,"Ax 3 Domaines","3",37.4841838886546
"521",2003,14,19912,2003-07-20,"Saint-Girons",191.5,"Loudenvielle","3",34.6223382884693
"522",2003,15,16166,2003-07-21,"Bagnères-de-Bigorre",159.5,"Luz Ardiden","3",35.518990473834
"523",2003,16,17981,2003-07-23,"Pau",197.5,"Bayonne","3",39.5417385017519
"524",2003,17,14063,2003-07-24,"Dax",181,"Bordeaux","1",46.3343525563536
"525",2003,18,14598,2003-07-25,"Bordeaux",203.5,"Saint-Maixent-l'École","1",50.1849568434032
"526",2003,19,3245,2003-07-26,"Pornic",49,"Nantes","0",54.3605546995378
"528",2003,20,13129,2003-07-27,"Ville-d'Avray",152,"Paris","1",41.6787264833575
"536",2004,0,410,2004-07-03,"Liège",6.1,"Liège","0",53.5609756097561
"537",2004,1,16829,2004-07-04,"Liège",202.5,"Charleroi","1",43.3180818824648
"548",2004,2,15519,2004-07-05,"Charleroi",197,"Namur","1",45.6988208003093
"550",2004,3,16605,2004-07-06,"Waterloo",210,"Wasquehal","1",45.5284552845528
"552",2004,5,18358,2004-07-08,"Amiens",200.5,"Chartres","1",39.3180084976577
"553",2004,6,16421,2004-07-09,"Bonneval",196,"Angers","1",42.9693684915657
"554",2004,7,16294,2004-07-10,"Châteaubriant",204.5,"Saint-Brieuc","1",45.182275684301
"555",2004,8,14062,2004-07-11,"Lamballe",168,"Quimper","1",43.0095292277059
"556",2004,9,12775,2004-07-13,"Saint-Léonard-de-Noblat",160.5,"Guéret","1",45.2289628180039
"538",2004,10,21624,2004-07-14,"Limoges",237,"Saint-Flour","2",39.4561598224195
"539",2004,11,14098,2004-07-15,"Saint-Flour",164,"Figeac","2",41.8782806071783
"540",2004,12,18238,2004-07-16,"Castelsarrasin",197.5,"La Mongie","3",38.9845377782652
"541",2004,13,21878,2004-07-17,"Lannemezan",205.5,"Plateau de Beille","3",33.8147911143615
"542",2004,14,15512,2004-07-18,"Carcassonne",192.5,"Nîmes","1",44.6750902527076
"543",2004,15,16830,2004-07-20,"Valréas",180.5,"Villard-de-Lans","3",38.6096256684492
"544",2004,16,2381,2004-07-21,"Le Bourg-d'Oisans",15.5,"Alpe d'Huez","0",23.4355312893742
"545",2004,17,22312,2004-07-22,"Le Bourg-d'Oisans",204.5,"Le Grand-Bornand","3",32.9956973825744
"546",2004,18,14643,2004-07-23,"Annemasse",166.5,"Lons-le-Saunier","2",40.9342347879533
"547",2004,19,4009,2004-07-24,"Besançon",55,"Besançon","0",49.3888750311798
"549",2004,20,14906,2004-07-25,"Montereau-Fault-Yonne",163,"Paris","1",39.3666979739702
"557",2005,1,1251,2005-07-02,"Fromentine",19,"Noirmoutier-en-l'Île","0",54.6762589928058
"568",2005,2,13891,2005-07-03,"Challans",181.5,"Les Essarts","1",47.0376502771579
"571",2005,3,16569,2005-07-04,"La Châtaigneraie",212.5,"Tours","1",46.1705594785443
"573",2005,5,13560,2005-07-06,"Chambord",183,"Montargis","1",48.5840707964602
"574",2005,6,15172,2005-07-07,"Troyes",199,"Nancy","1",47.2185605061956
"575",2005,7,18225,2005-07-08,"Lunéville",228.5,"Karlsruhe","1",45.1358024691358
"576",2005,8,18234,2005-07-09,"Pforzheim",231.5,"Gérardmer","2",45.7058242843041
"577",2005,9,14900,2005-07-10,"Gérardmer",171,"Mulhouse","2",41.3154362416107
"558",2005,10,17435,2005-07-12,"Grenoble",177,"Courchevel","3",36.5471752222541
"559",2005,11,17258,2005-07-13,"Courchevel",173,"Briançon","3",36.0876115424731
"560",2005,12,15606,2005-07-14,"Briançon",187,"Digne-les-Bains","2",43.1372549019608
"561",2005,13,13394,2005-07-15,"Miramas",173.5,"Montpellier","1",46.6328206659698
"562",2005,14,20623,2005-07-16,"Agde",220.5,"Ax 3 Domaines","3",38.4910051883819
"563",2005,15,21998,2005-07-17,"Lézat-sur-Lèze",205.5,"Saint-Lary-Soulan Pla d'Adet","3",33.6303300300027
"564",2005,16,16720,2005-07-19,"Mourenx",180.5,"Pau","3",38.8636363636364
"565",2005,17,20479,2005-07-20,"Pau",239.5,"Revel","1",42.1016651203672
"566",2005,18,16656,2005-07-21,"Albi",189,"Mende","2",40.850144092219
"567",2005,19,12784,2005-07-22,"Issoire",153.5,"Le Puy-en-Velay","2",43.2259073842303
"569",2005,20,4306,2005-07-23,"Saint-Étienne",55.5,"Saint-Étienne","0",46.4003715745471
"570",2005,21,13257,2005-07-24,"Corbeil-Essonnes",144.5,"Paris","1",39.2396469789545
"578",2006,0,497,2006-07-01,"Strasbourg",7.1,"Strasbourg","0",51.4285714285714
"579",2006,1,15000,2006-07-02,"Strasbourg",184.5,"Strasbourg","1",44.28
"591",2006,2,20174,2006-07-03,"Obernai",228.5,"Esch-sur-Alzette","1",40.7752552790721
"593",2006,3,17874,2006-07-04,"Esch-sur-Alzette",216.5,"Valkenburg","2",43.6052366565962
"594",2006,4,17990,2006-07-05,"Huy",207,"Saint-Quentin","1",41.4230127848805
"595",2006,5,19130,2006-07-06,"Beauvais",225,"Caen","1",42.3418714061683
"596",2006,6,15017,2006-07-07,"Lisieux",189,"Vitré","1",45.308650196444
"597",2006,7,3703,2006-07-08,"Saint Grégoire",52,"Rennes","0",50.5536051849851
"598",2006,8,15198,2006-07-09,"Saint-Méen-le-Grand",181,"Lorient","1",42.8740623766285
"599",2006,9,12924,2006-07-11,"Bordeaux",169.5,"Dax","1",47.2144846796657
"580",2006,10,17350,2006-07-12,"Cambo-les-Bains",190.5,"Pau","3",39.5273775216138
"581",2006,11,21985,2006-07-13,"Tarbes",206.5,"Val d'Aran/Pla-de-Beret","3",33.8139640664089
"582",2006,12,16498,2006-07-14,"Luchon",211.5,"Carcassonne","2",46.151048611953
"583",2006,13,19476,2006-07-15,"Béziers",230,"Montélimar","1",42.5138632162662
"584",2006,14,15263,2006-07-16,"Montélimar",180.5,"Gap","2",42.5735438642469
"585",2006,15,17542,2006-07-18,"Gap",187,"Alpe d'Huez","3",38.376467905598
"586",2006,16,20164,2006-07-19,"Le Bourg-d'Oisans",182,"La Toussuire","3",32.4935528664947
"587",2006,17,19416,2006-07-20,"Saint-Jean-de-Maurienne",200.5,"Morzine","3",37.1755253399258
"588",2006,17,19758,2006-07-20,"Saint-Jean-de-Maurienne",200.5,"Morzine","3",36.5320376556332
"589",2006,18,15375,2006-07-21,"Morzine",197,"Mâcon","1",46.1268292682927
"590",2006,19,4065,2006-07-22,"Le Creusot",57,"Montceau-les-Mines","0",50.479704797048
"592",2006,20,14212,2006-07-23,"Antony/Parc de Sceaux",154.5,"Paris","1",39.1359414579229
"600",2007,0,530,2007-07-07,"London",7.9,"London","0",53.6603773584906
"601",2007,1,16741,2007-07-08,"London",203,"Canterbury","1",43.6533062541067
"614",2007,2,13702,2007-07-09,"Dunkirk",168.5,"Ghent","1",44.2709093562984
"616",2007,3,23775,2007-07-10,"Waregem - Compiègne",236.5,"Waregem - Compiègne","1",35.8107255520505
"617",2007,4,16667,2007-07-11,"Villers-Cotterêts",193,"Joigny","1",41.6871662566749
"618",2007,5,16741,2007-07-12,"Chablis",182.5,"Autun","2",39.2449674451944
"619",2007,6,19259,2007-07-13,"Semur-en-Auxois",199.5,"Bourg-en-Bresse","1",37.2916558492134
"620",2007,7,17593,2007-07-14,"Bourg-en-Bresse",197.5,"Le Grand-Bornand","3",40.4138009435571
"621",2007,8,17380,2007-07-15,"Le Grand-Bornand",165,"Tignes","3",34.1772151898734
"622",2007,9,15264,2007-07-17,"Val-d'Isère",159.5,"Briançon","3",37.6179245283019
"602",2007,10,19224,2007-07-18,"Tallard",229.5,"Marseille","1",42.9775280898876
"603",2007,11,13670,2007-07-19,"Marseille",182.5,"Montpellier","1",48.0614484272129
"604",2007,12,15932,2007-07-20,"Montpellier",178.5,"Castres","2",40.3339191564148
"605",2007,13,3994,2007-07-21,"Albi",54,"Albi","0",48.6730095142714
"606",2007,13,4068,2007-07-21,"Albi",54,"Albi","0",47.787610619469
"607",2007,14,19548,2007-07-22,"Mazamet",197,"Plateau-de-Beille","3",36.279926335175
"608",2007,15,20068,2007-07-23,"Foix",196,"Loudenvielle","3",35.1604544548535
"609",2007,15,20119,2007-07-23,"Foix",196,"Loudenvielle","3",35.071325612605
"610",2007,16,23001,2007-07-25,"Orthez",218.5,"Gourette–Col d'Aubisque","3",34.1985131081257
"611",2007,17,15244,2007-07-26,"Pau",188.5,"Castelsarrasin","2",44.5158750983994
"612",2007,18,18811,2007-07-27,"Cahors",211,"Angoulême","1",40.3806283557493
"613",2007,19,3764,2007-07-28,"Cognac",55.5,"Angoulême","0",53.0818278427205
"615",2007,20,13863,2007-07-29,"Marcoussis",146,"Paris","1",37.9138714563947
"623",2008,1,16567,2008-07-05,"Brest",197.5,"Plumelec","1",42.9166415162673
"635",2008,2,13513,2008-07-06,"Auray",164.5,"Saint-Brieuc","1",43.8244653296825
"638",2008,3,18327,2008-07-07,"Saint-Malo",208,"Nantes","1",40.8577508593878
"639",2008,4,2144,2008-07-08,"Cholet",29.5,"Cholet","0",49.5335820895522
"640",2008,5,19672,2008-07-09,"Cholet",232,"Châteauroux","1",42.4562830418869
"641",2008,6,17872,2008-07-10,"Aigurande",195.5,"Super-Besse Sancy","2",39.3800358102059
"642",2008,6,17873,2008-07-10,"Aigurande",195.5,"Super-Besse Sancy","2",39.3778324847535
"643",2008,7,13973,2008-07-11,"Brioude",159,"Aurillac","2",40.9647176697917
"644",2008,8,14574,2008-07-12,"Figeac",172.5,"Toulouse","1",42.6101276245368
"645",2008,9,20368,2008-07-13,"Toulouse",224,"Bagnères-de-Bigorre","3",39.5915161036921
"646",2008,9,20432,2008-07-13,"Toulouse",224,"Bagnères-de-Bigorre","3",39.4675019577134
"624",2008,10,15567,2008-07-14,"Pau",156,"Hautacam","3",36.076315282328
"625",2008,10,15567,2008-07-14,"Pau",156,"Hautacam","3",36.076315282328
"626",2008,11,14293,2008-07-16,"Lannemezan",167.5,"Foix","2",42.1884838732247
"627",2008,12,13252,2008-07-17,"Lavelanet",168.5,"Narbonne","1",45.7742227588289
"628",2008,13,15942,2008-07-18,"Narbonne",182,"Nîmes","1",41.0989838163342
"629",2008,14,15188,2008-07-19,"Nîmes",194.5,"Digne-les-Bains","1",46.1021859362655
"630",2008,15,17444,2008-07-20,"Embrun",183,"Prato Nevoso","3",37.7665673010777
"631",2008,16,16287,2008-07-22,"Cuneo",157,"Jausiers","3",34.702523484988
"632",2008,17,22078,2008-07-23,"Embrun",210.5,"Alpe d'Huez","3",34.3237612102546
"633",2008,18,16221,2008-07-24,"Bourg-d'Oisans",196.5,"Saint-Étienne","2",43.610135010172
"634",2008,19,13029,2008-07-25,"Roanne",165.5,"Montluçon","1",45.7287589224039
"636",2008,20,3830,2008-07-26,"Cérilly",53,"Saint-Amand-Montrond","0",49.8172323759791
"637",2008,21,13898,2008-07-27,"Étampes",143,"Paris","1",37.0413009066053
"647",2009,1,1172,2009-07-04,"Monaco",15.5,"Monaco","0",47.6109215017065
"659",2009,2,16202,2009-07-05,"Monaco",187,"Brignoles","1",41.550425873349
"662",2009,3,18084,2009-07-06,"Marseille",196.5,"La Grande-Motte","1",39.1174518911745
"664",2009,5,16175,2009-07-08,"Cap d'Agde",196.5,"Perpignan","1",43.7341576506955
"665",2009,6,15693,2009-07-09,"Girona",181.5,"Barcelona","1",41.6363983941885
"666",2009,7,22291,2009-07-10,"Barcelona",224,"Andorra-Arcalis","3",36.1760351711453
"667",2009,8,16310,2009-07-11,"Andorra la Vella",176.5,"Saint-Girons","3",38.9576946658492
"668",2009,9,14731,2009-07-12,"Saint-Gaudens",160.5,"Tarbes","3",39.2234064218315
"648",2009,10,17203,2009-07-14,"Limoges",194.5,"Issoudun","1",40.7022031041097
"649",2009,11,15475,2009-07-15,"Vatan",192,"Saint-Fargeau","1",44.6655896607431
"650",2009,12,17544,2009-07-16,"Tonnerre",211.5,"Vittel","1",43.3994528043776
"651",2009,13,17786,2009-07-17,"Vittel",200,"Colmar","2",40.4812774091982
"652",2009,14,16666,2009-07-18,"Colmar",199,"Besançon","1",42.9857194287772
"653",2009,15,18238,2009-07-19,"Pontarlier",207.5,"Verbier","3",40.9584384252659
"654",2009,16,15260,2009-07-21,"Martigny",159,"Bourg-Saint-Maurice","3",37.5098296199214
"655",2009,16,15266,2009-07-21,"Martigny",159,"Bourg-Saint-Maurice","3",37.4950871217084
"656",2009,17,17634,2009-07-22,"Bourg-Saint-Maurice",169.5,"Le Grand-Bornand","3",34.603606668935
"657",2009,18,2911,2009-07-23,"Annecy",40.5,"Annecy","0",50.0858811405015
"658",2009,19,13835,2009-07-24,"Bourgoin-Jallieu",178,"Aubenas","1",46.3173111673292
"660",2009,20,16761,2009-07-25,"Montélimar",167,"Mont Ventoux","3",35.8689815643458
"661",2009,21,14538,2009-07-26,"Montereau-Fault-Yonne",164,"Paris","1",40.6108130416839
"669",2010,0,600,2010-07-03,"Rotterdam",8.9,"Rotterdam","0",53.4
"670",2010,1,18578,2010-07-04,"Rotterdam",223.5,"Brussels","1",43.3092905587254
"681",2010,2,16848,2010-07-05,"Brussels",201,"Spa","1",42.9487179487179
"683",2010,3,17378,2010-07-06,"Wanze",213,"Arenberg Porte du Hainaut","1",44.12475543791
"684",2010,4,12895,2010-07-07,"Cambrai",153.5,"Reims","1",42.85381930981
"685",2010,5,16250,2010-07-08,"Épernay",187.5,"Montargis","1",41.5384615384615
"686",2010,6,20262,2010-07-09,"Montargis",227.5,"Gueugnon","1",40.4204915605567
"687",2010,7,15772,2010-07-10,"Tournus",165.5,"Station des Rousses","2",37.7758052244484
"688",2010,8,17651,2010-07-11,"Station des Rousses",189,"Morzine-Avoriaz","3",38.5473910826582
"689",2010,9,20290,2010-07-13,"Morzine-Avoriaz",204.5,"Saint-Jean-de-Maurienne","3",36.2838836865451
"671",2010,10,18656,2010-07-14,"Chambéry",179,"Gap","2",34.541166380789
"672",2010,11,16949,2010-07-15,"Sisteron",184.5,"Bourg-lès-Valence","1",39.1881526933742
"673",2010,12,17906,2010-07-16,"Bourg-de-Péage",210.5,"Mende","2",42.3210097174132
"674",2010,13,15986,2010-07-17,"Rodez",196,"Revel","1",44.1386212936319
"675",2010,14,17562,2010-07-18,"Revel",184.5,"Ax 3 Domaines","3",37.8202938161941
"676",2010,15,17098,2010-07-19,"Pamiers",187.5,"Bagnères-de-Luchon","3",39.4783015557375
"677",2010,16,19903,2010-07-20,"Bagnères-de-Luchon",199.5,"Pau","3",36.0850123097021
"678",2010,17,18209,2010-07-22,"Pau",174,"Col du Tourmalet","3",34.4005711461365
"679",2010,18,16629,2010-07-23,"Salies-de-Béarn",198,"Bordeaux","1",42.8648746166336
"680",2010,19,3656,2010-07-24,"Bordeaux",52,"Pauillac","0",51.2035010940919
"682",2010,20,9741,2010-07-25,"Longjumeau",102.5,"Paris","1",37.8811210348014
"690",2011,1,16891,2011-07-02,"Passage du Gois",191.5,"Mont des Alouettes","1",40.8146350127287
"704",2011,3,16821,2011-07-04,"Olonne-sur-Mer",198,"Redon","1",42.3756019261637
"705",2011,4,15099,2011-07-05,"Lorient",172.5,"Mûr-de-Bretagne","1",41.1285515597059
"706",2011,5,13112,2011-07-06,"Carhaix",164.5,"Cap Fréhel","1",45.1647345942648
"707",2011,6,18817,2011-07-07,"Dinan",226.5,"Lisieux","1",43.3331561885529
"708",2011,7,20333,2011-07-08,"Le Mans",218,"Châteauroux","1",38.5973540549845
"709",2011,8,16606,2011-07-09,"Aigurande",189,"Super Besse","2",40.9731422377454
"710",2011,9,19629,2011-07-10,"Issoire",208,"Saint-Flour","2",38.147638697845
"691",2011,10,12681,2011-07-12,"Aurillac",158,"Carmaux","1",44.8545067423705
"692",2011,11,13567,2011-07-13,"Blaye-les-Mines",167.5,"Lavaur","1",44.4460824058377
"693",2011,12,21675,2011-07-14,"Cugnaux",211,"Luz Ardiden","3",35.0449826989619
"694",2011,13,13656,2011-07-15,"Pau",152.5,"Lourdes","3",40.2021089630931
"695",2011,14,18805,2011-07-16,"Saint-Gaudens",168.5,"Plateau de Beille","3",32.25737835682
"696",2011,15,15624,2011-07-17,"Limoux",192.5,"Montpellier","1",44.3548387096774
"697",2011,16,12698,2011-07-19,"Saint-Paul-Trois-Châteaux",162.5,"Gap","2",46.0702472830367
"698",2011,17,15480,2011-07-20,"Gap",179,"Pinerolo","3",41.6279069767442
"699",2011,18,22076,2011-07-21,"Pinerolo",200.5,"Col du Galibier-Serre Chevalier","3",32.6961406051821
"700",2011,19,11605,2011-07-22,"Modane",109.5,"Alpe d'Huez","3",33.968117190866
"702",2011,20,3334,2011-07-23,"Grenoble",42.5,"Grenoble","0",45.8908218356329
"703",2011,21,8822,2011-07-24,"Créteil",95,"Paris","1",38.7667195647246
"711",2012,0,433,2012-06-30,"Liège",6.4,"Liège","0",53.2101616628176
"712",2012,1,17899,2012-07-01,"Liège",198,"Seraing","1",39.823453824236
"723",2012,2,17819,2012-07-02,"Visé",207.5,"Tournai","1",41.9215444188787
"725",2012,3,16978,2012-07-03,"Orchies",197,"Boulogne-sur-Mer","2",41.7717045588409
"726",2012,4,19112,2012-07-04,"Abbeville",214.5,"Rouen","1",40.4039347007116
"727",2012,5,16890,2012-07-05,"Rouen",196.5,"Saint-Quentin","1",41.8827708703375
"728",2012,6,16620,2012-07-06,"Épernay",207.5,"Metz","1",44.9458483754513
"729",2012,7,17915,2012-07-07,"Tomblaine",199,"La Planche des Belles Filles","2",39.9888361708066
"730",2012,8,14170,2012-07-08,"Belfort",157.5,"Porrentruy","2",40.0141143260409
"731",2012,9,3084,2012-07-09,"Arc-et-Senans",41.5,"Besançon","0",48.443579766537
"713",2012,10,17186,2012-07-11,"Mâcon",194.5,"Bellegarde-sur-Valserine","3",40.7424647969277
"714",2012,11,17034,2012-07-12,"Albertville",148,"La Toussuire-Les Sybelles","3",31.278619232124
"715",2012,12,20566,2012-07-13,"Saint-Jean-de-Maurienne",226,"Annonay-Davézieux","2",39.5604395604396
"716",2012,13,17879,2012-07-14,"Saint-Paul-Trois-Châteaux",217,"Cap d'Agde","1",43.693718888081
"717",2012,14,17429,2012-07-15,"Limoux",191,"Foix","3",39.451488897814
"718",2012,15,13215,2012-07-16,"Samatan",158.5,"Pau","1",43.1782065834279
"719",2012,16,20102,2012-07-18,"Pau",197,"Bagnères-de-Luchon","3",35.2800716346632
"720",2012,17,15131,2012-07-19,"Bagnères-de-Luchon",143.5,"Peyragudes","3",34.1418280351596
"721",2012,18,17652,2012-07-20,"Blagnac",222.5,"Brive-la-Gaillarde","1",45.3772943575799
"722",2012,19,3853,2012-07-21,"Bonneval",53.5,"Chartres","0",49.987023098884
"724",2012,20,11287,2012-07-22,"Rambouillet",120,"Paris","1",38.2741206697971
"732",2013,1,17812,2013-06-29,"Porto-Vecchio",213,"Bastia","1",43.0496294632832
"743",2013,2,13391,2013-06-30,"Bastia",156,"Ajaccio","2",41.9386154880143
"746",2013,3,13284,2013-07-01,"Ajaccio",145.5,"Calvi","2",39.4308943089431
"748",2013,5,19911,2013-07-03,"Cagnes-sur-Mer",228.5,"Marseille","1",41.3138466174476
"749",2013,6,14342,2013-07-04,"Aix-en-Provence",176.5,"Montpellier","1",44.3034444289499
"750",2013,7,17652,2013-07-05,"Montpellier",205.5,"Albi","1",41.9102651257648
"751",2013,8,18198,2013-07-06,"Castres",195,"Ax 3 Domaines","3",38.5756676557863
"752",2013,9,16983,2013-07-07,"Saint-Girons",168.5,"Bagnères-de-Bigorre","3",35.7180710121887
"733",2013,10,17605,2013-07-09,"Saint-Gildas-des-Bois",197,"Saint-Malo","1",40.2840102243681
"734",2013,11,2189,2013-07-10,"Avranches",33,"Mont Saint-Michel","0",54.2713567839196
"735",2013,12,17389,2013-07-11,"Fougères",218,"Tours","1",45.1319799873483
"736",2013,13,13208,2013-07-12,"Tours",173,"Saint-Amand-Montrond","1",47.1532404603271
"737",2013,14,15311,2013-07-13,"Saint-Pourçain-sur-Sioule",191,"Lyon","2",44.9088890340278
"738",2013,15,20925,2013-07-14,"Givors",242.5,"Mont Ventoux","3",41.7204301075269
"739",2013,16,13965,2013-07-16,"Vaison-la-Romaine",168,"Gap","3",43.3082706766917
"740",2013,17,3093,2013-07-17,"Embrun",32,"Chorges","0",37.2453928225024
"741",2013,18,17492,2013-07-18,"Gap",172.5,"Alpe d'Huez","3",35.5019437457123
"742",2013,19,21541,2013-07-19,"Le Bourg-d'Oisans",204.5,"Le Grand-Bornand","3",34.1766863191124
"744",2013,20,13144,2013-07-20,"Annecy",125,"Semnoz","3",34.2361533779671
"745",2013,21,11174,2013-07-21,"Versailles",133.5,"Paris","1",43.0105602291033
"753",2014,1,17047,2014-07-05,"Leeds",190.5,"Harrogate","1",40.2299524843081
"764",2014,2,18516,2014-07-06,"York",201,"Sheffield","2",39.0797148412184
"767",2014,3,13110,2014-07-07,"Cambridge",155,"London","1",42.5629290617849
"768",2014,4,12999,2014-07-08,"Le Touquet-Paris-Plage",163.5,"Lille Metropole","1",45.2804061850912
"769",2014,5,11915,2014-07-09,"Ypres",152.5,"Arenberg Porte du Hainaut","2",46.0763743180864
"770",2014,6,15099,2014-07-10,"Arras",194,"Reims","1",46.2547188555533
"771",2014,7,19119,2014-07-11,"Épernay",234.5,"Nancy","1",44.1550290287149
"772",2014,8,13768,2014-07-12,"Tomblaine",161,"Gérardmer La Mauselaine","2",42.0976176641487
"773",2014,9,14974,2014-07-13,"Gérardmer",170,"Mulhouse","2",40.8708427941766
"754",2014,10,16046,2014-07-14,"Mulhouse",161.5,"La Planche des Belles Filles","3",36.2333291786115
"755",2014,11,15945,2014-07-16,"Besançon",187.5,"Oyonnax","2",42.3330197554092
"756",2014,12,16331,2014-07-17,"Bourg-en-Bresse",185.5,"Saint-Étienne","1",40.8915559365624
"757",2014,13,18749,2014-07-18,"Saint-Étienne",197.5,"Chamrousse","3",37.9220225078671
"758",2014,14,18507,2014-07-19,"Grenoble",177,"Risoul","3",34.4302155940995
"759",2014,15,17803,2014-07-20,"Tallard",222,"Nîmes","1",44.8913104532944
"760",2014,16,22030,2014-07-22,"Carcassonne",237.5,"Bagnères-de-Luchon","3",38.8107126645483
"761",2014,17,12923,2014-07-23,"Saint-Gaudens",124.5,"Saint-Lary Pla d’Adet","3",34.6823492996982
"762",2014,18,14657,2014-07-24,"Pau",145.5,"Hautacam","3",35.7371904209593
"763",2014,19,17021,2014-07-25,"Maubourguet Pays du Val d’Adour",208.5,"Bergerac","1",44.0984666000823
"765",2014,20,3981,2014-07-26,"Bergerac",54,"Périgueux","0",48.8319517709118
"766",2014,21,12050,2014-07-27,"Évry",137.5,"Paris","1",41.0788381742739
"774",2015,1,896,2015-07-04,"Utrecht",13.8,"Utrecht","0",55.4464285714286
"785",2015,2,12543,2015-07-05,"Utrecht",166,"Zeeland","1",47.6441042812724
"788",2015,3,12414,2015-07-06,"Antwerp",159.5,"Huy","1",46.2542290961817
"789",2015,4,19738,2015-07-07,"Seraing",223.5,"Cambrai","2",40.7640085115007
"790",2015,5,16740,2015-07-08,"Arras",189.5,"Amiens","1",40.752688172043
"791",2015,6,17626,2015-07-09,"Abbeville",191.5,"Le Havre","1",39.1126744581868
"792",2015,7,16045,2015-07-10,"Livarot",190.5,"Fougères","1",42.7422873169212
"793",2015,8,15655,2015-07-11,"Rennes",181.5,"Mûr-de-Bretagne","1",41.7374640689875
"775",2015,10,15727,2015-07-14,"Tarbes",167,"La Pierre Saint-Martin","3",38.227252495708
"776",2015,11,18121,2015-07-15,"Pau",188,"Cauterets","3",37.3489321781359
"777",2015,12,20414,2015-07-16,"Lannemezan",195,"Plateau de Beille","3",34.3881649848143
"778",2015,13,17022,2015-07-17,"Muret",198.5,"Rodez","2",41.9809658089531
"779",2015,14,15823,2015-07-18,"Rodez",178.5,"Mende","2",40.6117676799596
"780",2015,15,14195,2015-07-19,"Mende",183,"Valence","2",46.4107079957732
"781",2015,16,16210,2015-07-20,"Bourg-de-Péage",201,"Gap","2",44.6391116594695
"782",2015,17,15137,2015-07-22,"Digne-les-Bains",161,"Pra-Loup","3",38.2902820902425
"783",2015,18,18220,2015-07-23,"Gap",186.5,"Saint-Jean-de-Maurienne","3",36.8496158068057
"784",2015,19,15773,2015-07-24,"Saint-Jean-de-Maurienne",138,"La Toussuire - Les Sybelles","3",31.4968617257338
"786",2015,20,11841,2015-07-25,"Modane",110.5,"Alpe d'Huez","3",33.5951355459843
"787",2015,21,10181,2015-07-26,"Sèvres",109.5,"Paris","1",38.7191827914743
"795",2016,1,15245,2016-07-02,"Mont Saint-Michel",188,"Utah Beach","1",44.3948835683831
"806",2016,2,15651,2016-07-03,"Saint-Lô",183,"Cherbourg-en-Cotentin","1",42.093156986774
"809",2016,3,21594,2016-07-04,"Granville",223.5,"Angers","1",37.2603500972492
"810",2016,4,19710,2016-07-05,"Saumur",237.5,"Limoges","1",43.37899543379
"811",2016,5,19896,2016-07-06,"Limoges",216,"Le Lioran","2",39.0832328106152
"812",2016,6,17028,2016-07-07,"Arpajon-sur-Cère",190.5,"Montauban","1",40.2748414376321
"813",2016,7,13689,2016-07-08,"L'Isle-Jourdain",162.5,"Lac de Payolle","2",42.7350427350427
"814",2016,8,17853,2016-07-09,"Pau",184,"Bagnères-de-Luchon","3",37.1030078978323
"815",2016,9,18984,2016-07-10,"Vielha Val d'Aran",184.5,"Andorra-Arcalis","3",34.9873577749684
"796",2016,10,15758,2016-07-12,"Escaldes-Engordany",197,"Revel","2",45.0057113846935
"797",2016,11,12383,2016-07-13,"Carcassonne",162.5,"Montpellier","1",47.2421868690947
"798",2016,12,16311,2016-07-14,"Montpellier",178,"Chalet Reynard","3",39.2863711605665
"799",2016,13,3015,2016-07-15,"Bourg-Saint-Andéol",37.5,"La Caverne du Pont-d'Arc","0",44.7761194029851
"800",2016,14,20629,2016-07-16,"Montélimar",208.5,"Villars-les-Dombes","1",36.3856706578118
"801",2016,15,15889,2016-07-17,"Bourg-en-Bresse",160,"Culoz","3",36.251494744792
"802",2016,16,15962,2016-07-18,"Moirans-en-Montagne",209,"Bern","1",47.13695025686
"803",2016,17,16593,2016-07-20,"Bern",184.5,"Finhaut-Émosson","3",40.0289278611463
"804",2016,18,1843,2016-07-21,"Sallanches",17,"Megève","3",33.2067281606077
"805",2016,19,15248,2016-07-22,"Albertville",146,"Saint Gervais-les-Bains","3",34.4700944386149
"807",2016,20,14805,2016-07-23,"Megève",146.5,"Morzine","3",35.6231003039514
"808",2016,21,9788,2016-07-24,"Chantilly",113,"Paris","1",41.5610952186351
"816",2017,1,964,2017-07-01,"Düsseldorf",14,"Düsseldorf","0",52.2821576763485
"827",2017,2,16626,2017-07-02,"Düsseldorf",203.5,"Liège","1",44.0635149765428
"830",2017,3,18439,2017-07-03,"Verviers",212.5,"Longwy","2",41.4881501166007
"831",2017,4,17634,2017-07-04,"Mondorf-les-Bains",207.5,"Vittel","1",42.3613473970738
"832",2017,5,13446,2017-07-05,"Vittel",160.5,"La Planche des Belles Filles","2",42.9718875502008
"833",2017,6,18334,2017-07-06,"Vesoul",216,"Troyes","1",42.4130031635213
"834",2017,7,18198,2017-07-07,"Troyes",213.5,"Nuits-Saint-Georges","1",42.2354104846686
"835",2017,8,16229,2017-07-08,"Dole",187.5,"Station des Rousses","2",41.5922114732886
"836",2017,9,18442,2017-07-09,"Nantua",181.5,"Chambéry","3",35.4299967465568
"817",2017,10,14460,2017-07-11,"Périgueux",178,"Bergerac","1",44.3153526970954
"818",2017,11,16467,2017-07-12,"Eymet",203.5,"Pau","1",44.4889779559118
"819",2017,12,20978,2017-07-13,"Pau",214.5,"Peyragudes","3",36.8099914195824
"820",2017,13,9389,2017-07-14,"Saint-Girons",101,"Foix","3",38.7261689210779
"821",2017,14,15716,2017-07-15,"Blagnac",181.5,"Rodez","2",41.5754644947824
"822",2017,15,16907,2017-07-16,"Laissac-Sévérac-l'Église",189.5,"Le Puy-en-Velay","2",40.350150825102
"823",2017,16,13095,2017-07-18,"Le Puy-en-Velay",165,"Romans-sur-Isère","2",45.360824742268
"824",2017,17,18461,2017-07-19,"La Mure",183,"Serre Chevalier","3",35.6860408428579
"825",2017,18,16833,2017-07-20,"Briançon",179.5,"Col d'Izoard","3",38.3888789877027
"826",2017,19,18369,2017-07-21,"Embrun",222.5,"Salon-de-Provence","1",43.6060754532092
"828",2017,20,1695,2017-07-22,"Marseille",22.5,"Marseille","0",47.787610619469
"829",2017,21,8739,2017-07-23,"Montgeron",103,"Paris","1",42.4304840370752
